query_id,query_variant,source_dataset_id,source_id_in_eval_metadata,query_topics_count,query_countries_count,query_years,qrels_count,query_topics_raw,query_countries_raw,query_time_collection_years_raw
1,V2_TOPIC_COUNTRY_TIME_SINGLE_TOPIC,ZA0840,True,1,1,1971-1972,1,"[""Political behaviour and attitudes""]","[""Germany""]","[""1971"", ""1972""]"
2,V2_TOPIC_COUNTRY_TIME_SINGLE_TOPIC,ZA0840,True,1,1,1971-1972,1,"[""Government, political systems and organisations""]","[""Germany""]","[""1971"", ""1972""]"
3,V2_TOPIC_COUNTRY_TIME_SINGLE_TOPIC,ZA0840,True,1,1,1971-1972,1,"[""Elections""]","[""Germany""]","[""1971"", ""1972""]"
4,V2_TOPIC_COUNTRY_TIME_SINGLE_TOPIC,ZA0529,True,1,1,1969-1969,1,"[""Compulsory and pre-school education""]","[""Hesse""]","[""1969"", ""1969""]"
5,V2_TOPIC_COUNTRY_TIME_SINGLE_TOPIC,ZA0529,True,1,1,1969-1969,1,"[""Children""]","[""Hesse""]","[""1969"", ""1969""]"
6,V2_TOPIC_COUNTRY_TIME_SINGLE_TOPIC,ZA8194,True,1,4,1950-2004,1,"[""HISTORY""]","[""Germany"", ""England"", ""Sweden"", ""United States of America""]","[""1950"", ""2004""]"
7,V2_TOPIC_COUNTRY_TIME_SINGLE_TOPIC,ZA0590,True,1,1,1955-1955,1,"[""Social conditions and indicators""]","[""Berlin""]","[""1955"", ""1955""]"
8,V2_TOPIC_COUNTRY_TIME_SINGLE_TOPIC,ZA0590,True,1,1,1955-1955,1,"[""Political behaviour and attitudes""]","[""Berlin""]","[""1955"", ""1955""]"
9,V2_TOPIC_COUNTRY_TIME_SINGLE_TOPIC,ZA0590,True,1,1,1955-1955,1,"[""Youth""]","[""Berlin""]","[""1955"", ""1955""]"
10,V2_TOPIC_COUNTRY_TIME_SINGLE_TOPIC,ZA0590,True,1,1,1955-1955,1,"[""Economic systems and development""]","[""Berlin""]","[""1955"", ""1955""]"
11,V2_TOPIC_COUNTRY_TIME_SINGLE_TOPIC,ZA6621,True,1,1,2016-2016,1,"[""Media""]","[""Germany""]","[""2016"", ""2016""]"
12,V2_TOPIC_COUNTRY_TIME_SINGLE_TOPIC,ZA6621,True,1,1,2016-2016,1,"[""POLITICS""]","[""Germany""]","[""2016"", ""2016""]"
13,V2_TOPIC_COUNTRY_TIME_SINGLE_TOPIC,ZA6621,True,1,1,2016-2016,1,"[""Political behaviour and attitudes""]","[""Germany""]","[""2016"", ""2016""]"
14,V2_TOPIC_COUNTRY_TIME_SINGLE_TOPIC,ZA6621,True,1,1,2016-2016,1,"[""Government, political systems and organisations""]","[""Germany""]","[""2016"", ""2016""]"
15,V2_TOPIC_COUNTRY_TIME_SINGLE_TOPIC,ZA7315,True,1,1,1988-1988,1,"[""Media""]","[""German Democratic Republic (1949-1990)""]","[""1988"", ""1988""]"
16,V2_TOPIC_COUNTRY_TIME_SINGLE_TOPIC,ZA6865,True,1,36,2014-2014,1,"[""Working conditions""]","[""Belgium"", ""Denmark"", ""Germany"", ""Greece"", ""Spain"", ""Finland"", ""France"", ""Ireland"", ""Italy"", ""Luxembourg"", ""Netherlands"", ""Austria"", ""Portugal"", ""Sweden"", ""United Kingdom"", ""Bulgaria"", ""Cyprus"", ""Czech Republic"", ""Estonia"", ""Hungary"", ""Latvia"", ""Lithuania"", ""Malta"", ""Poland"", ""Romania"", ""Slovakia"", ""Slovenia"", ""Turkey"", ""Croatia"", ""Switzerland"", ""Norway"", ""Albania"", ""Iceland"", ""Montenegro"", ""North Macedonia"", ""Serbia""]","[""2014"", ""2014""]"
17,V2_TOPIC_COUNTRY_TIME_SINGLE_TOPIC,ZA6865,True,1,36,2014-2014,1,"[""Occupational health""]","[""Belgium"", ""Denmark"", ""Germany"", ""Greece"", ""Spain"", ""Finland"", ""France"", ""Ireland"", ""Italy"", ""Luxembourg"", ""Netherlands"", ""Austria"", ""Portugal"", ""Sweden"", ""United Kingdom"", ""Bulgaria"", ""Cyprus"", ""Czech Republic"", ""Estonia"", ""Hungary"", ""Latvia"", ""Lithuania"", ""Malta"", ""Poland"", ""Romania"", ""Slovakia"", ""Slovenia"", ""Turkey"", ""Croatia"", ""Switzerland"", ""Norway"", ""Albania"", ""Iceland"", ""Montenegro"", ""North Macedonia"", ""Serbia""]","[""2014"", ""2014""]"
18,V2_TOPIC_COUNTRY_TIME_SINGLE_TOPIC,ZA0682,True,1,1,1972-1972,1,"[""Reproductive health""]","[""Germany""]","[""1972"", ""1972""]"
19,V2_TOPIC_COUNTRY_TIME_SINGLE_TOPIC,ZA6370,True,1,1,1988-1989,1,"[""Employment""]","[""German Democratic Republic (1949-1990)""]","[""1988"", ""1989""]"
20,V2_TOPIC_COUNTRY_TIME_SINGLE_TOPIC,ZA6370,True,1,1,1988-1989,1,"[""Leisure, tourism and sport""]","[""German Democratic Republic (1949-1990)""]","[""1988"", ""1989""]"
21,V2_TOPIC_COUNTRY_TIME_SINGLE_TOPIC,ZA6370,True,1,1,1988-1989,1,"[""Reproductive health""]","[""German Democratic Republic (1949-1990)""]","[""1988"", ""1989""]"
22,V2_TOPIC_COUNTRY_TIME_SINGLE_TOPIC,ZA6370,True,1,1,1988-1989,1,"[""Specific diseases, disorders and medical conditions""]","[""German Democratic Republic (1949-1990)""]","[""1988"", ""1989""]"
23,V2_TOPIC_COUNTRY_TIME_SINGLE_TOPIC,ZA6370,True,1,1,1988-1989,1,"[""Family life and marriage""]","[""German Democratic Republic (1949-1990)""]","[""1988"", ""1989""]"
24,V2_TOPIC_COUNTRY_TIME_SINGLE_TOPIC,ZA6370,True,1,1,1988-1989,1,"[""Gender and gender roles""]","[""German Democratic Republic (1949-1990)""]","[""1988"", ""1989""]"
25,V2_TOPIC_COUNTRY_TIME_SINGLE_TOPIC,ZA2235,True,1,1,1989-1989,1,"[""Reproductive health""]","[""Germany""]","[""1989"", ""1989""]"
26,V2_TOPIC_COUNTRY_TIME_SINGLE_TOPIC,ZA2235,True,1,1,1989-1989,1,"[""Specific diseases, disorders and medical conditions""]","[""Germany""]","[""1989"", ""1989""]"
27,V2_TOPIC_COUNTRY_TIME_SINGLE_TOPIC,ZA2235,True,1,1,1989-1989,1,"[""Family life and marriage""]","[""Germany""]","[""1989"", ""1989""]"
28,V2_TOPIC_COUNTRY_TIME_SINGLE_TOPIC,ZA8413,True,1,2,1732-1791,1,"[""HISTORY""]","[""South Carolina"", ""Massachusetts""]","[""1732"", ""1791""]"
29,V2_TOPIC_COUNTRY_TIME_SINGLE_TOPIC,ZA1296,True,1,1,1969-1969,1,"[""Leisure, tourism and sport""]","[""Finland""]","[""1969"", ""1969""]"
30,V2_TOPIC_COUNTRY_TIME_SINGLE_TOPIC,ZA1296,True,1,1,1969-1969,1,"[""Social behaviour and attitudes""]","[""Finland""]","[""1969"", ""1969""]"
31,V2_TOPIC_COUNTRY_TIME_SINGLE_TOPIC,ZA1296,True,1,1,1969-1969,1,"[""Media""]","[""Finland""]","[""1969"", ""1969""]"
32,V2_TOPIC_COUNTRY_TIME_SINGLE_TOPIC,ZA1296,True,1,1,1969-1969,1,"[""TRANSPORT AND TRAVEL""]","[""Finland""]","[""1969"", ""1969""]"
33,V2_TOPIC_COUNTRY_TIME_SINGLE_TOPIC,ZA1296,True,1,1,1969-1969,1,"[""Consumption and consumer behaviour""]","[""Finland""]","[""1969"", ""1969""]"
34,V2_TOPIC_COUNTRY_TIME_SINGLE_TOPIC,ZA1296,True,1,1,1969-1969,1,"[""Economic systems and development""]","[""Finland""]","[""1969"", ""1969""]"
35,V2_TOPIC_COUNTRY_TIME_SINGLE_TOPIC,ZA1296,True,1,1,1969-1969,1,"[""Economic conditions and indicators""]","[""Finland""]","[""1969"", ""1969""]"
36,V2_TOPIC_COUNTRY_TIME_SINGLE_TOPIC,ZA1458,True,1,1,1975-1975,1,"[""Employment""]","[""Bavaria""]","[""1975"", ""1975""]"
37,V2_TOPIC_COUNTRY_TIME_SINGLE_TOPIC,ZA1458,True,1,1,1975-1975,1,"[""Higher and further education""]","[""Bavaria""]","[""1975"", ""1975""]"
38,V2_TOPIC_COUNTRY_TIME_SINGLE_TOPIC,ZA3222,True,1,1,1999-1999,1,"[""Social conditions and indicators""]","[""Germany""]","[""1999"", ""1999""]"
39,V2_TOPIC_COUNTRY_TIME_SINGLE_TOPIC,ZA3222,True,1,1,1999-1999,1,"[""Political behaviour and attitudes""]","[""Germany""]","[""1999"", ""1999""]"
40,V2_TOPIC_COUNTRY_TIME_SINGLE_TOPIC,ZA3222,True,1,1,1999-1999,1,"[""Government, political systems and organisations""]","[""Germany""]","[""1999"", ""1999""]"
41,V2_TOPIC_COUNTRY_TIME_SINGLE_TOPIC,ZA3222,True,1,1,1999-1999,1,"[""Elections""]","[""Germany""]","[""1999"", ""1999""]"
42,V2_TOPIC_COUNTRY_TIME_SINGLE_TOPIC,ZA6262,True,1,1,2017-2019,1,"[""Youth""]","[""Germany""]","[""2017"", ""2019""]"
43,V2_TOPIC_COUNTRY_TIME_SINGLE_TOPIC,ZA6262,True,1,1,2017-2019,1,"[""EDUCATION""]","[""Germany""]","[""2017"", ""2019""]"
44,V2_TOPIC_COUNTRY_TIME_SINGLE_TOPIC,ZA6262,True,1,1,2017-2019,1,"[""Higher and further education""]","[""Germany""]","[""2017"", ""2019""]"
45,V2_TOPIC_COUNTRY_TIME_SINGLE_TOPIC,ZA6262,True,1,1,2017-2019,3,"[""Migration""]","[""Germany""]","[""2017"", ""2019""]"
46,V2_TOPIC_COUNTRY_TIME_SINGLE_TOPIC,ZA6262,True,1,1,2017-2019,1,"[""Social behaviour and attitudes""]","[""Germany""]","[""2017"", ""2019""]"
47,V2_TOPIC_COUNTRY_TIME_SINGLE_TOPIC,ZA6262,True,1,1,2017-2019,1,"[""Leisure, tourism and sport""]","[""Germany""]","[""2017"", ""2019""]"
48,V2_TOPIC_COUNTRY_TIME_SINGLE_TOPIC,ZA6262,True,1,1,2017-2019,1,"[""Children""]","[""Germany""]","[""2017"", ""2019""]"
49,V2_TOPIC_COUNTRY_TIME_SINGLE_TOPIC,ZA6262,True,1,1,2017-2019,1,"[""Family life and marriage""]","[""Germany""]","[""2017"", ""2019""]"
50,V2_TOPIC_COUNTRY_TIME_SINGLE_TOPIC,ZA3468,True,1,1,2000-2000,1,"[""Community, urban and rural life""]","[""North Rhine-Westphalia""]","[""2000"", ""2000""]"
51,V2_TOPIC_COUNTRY_TIME_SINGLE_TOPIC,ZA3468,True,1,1,2000-2000,1,"[""Cultural activities and participation""]","[""North Rhine-Westphalia""]","[""2000"", ""2000""]"
52,V2_TOPIC_COUNTRY_TIME_SINGLE_TOPIC,ZA3468,True,1,1,2000-2000,1,"[""Political behaviour and attitudes""]","[""North Rhine-Westphalia""]","[""2000"", ""2000""]"
53,V2_TOPIC_COUNTRY_TIME_SINGLE_TOPIC,ZA3468,True,1,1,2000-2000,1,"[""Government, political systems and organisations""]","[""North Rhine-Westphalia""]","[""2000"", ""2000""]"
54,V2_TOPIC_COUNTRY_TIME_SINGLE_TOPIC,ZA3468,True,1,1,2000-2000,1,"[""Housing""]","[""North Rhine-Westphalia""]","[""2000"", ""2000""]"
55,V2_TOPIC_COUNTRY_TIME_SINGLE_TOPIC,ZA2146,True,1,12,1992-1992,1,"[""Business/industrial management and organisation""]","[""Belgium"", ""Germany"", ""Denmark"", ""France"", ""Greece"", ""Ireland"", ""Italy"", ""Luxembourg"", ""Netherlands"", ""Portugal"", ""Spain"", ""Great Britain""]","[""1992"", ""1992""]"
56,V2_TOPIC_COUNTRY_TIME_SINGLE_TOPIC,ZA2146,True,1,12,1992-1992,1,"[""Economic systems and development""]","[""Belgium"", ""Germany"", ""Denmark"", ""France"", ""Greece"", ""Ireland"", ""Italy"", ""Luxembourg"", ""Netherlands"", ""Portugal"", ""Spain"", ""Great Britain""]","[""1992"", ""1992""]"
57,V2_TOPIC_COUNTRY_TIME_SINGLE_TOPIC,ZA8423,True,1,1,1904-1928,1,"[""HISTORY""]","[""German Reich (1871-1945)""]","[""1904"", ""1928""]"
58,V2_TOPIC_COUNTRY_TIME_SINGLE_TOPIC,ZA4347,True,1,1,2002-2002,1,"[""Migration""]","[""North Rhine-Westphalia""]","[""2002"", ""2002""]"
59,V2_TOPIC_COUNTRY_TIME_SINGLE_TOPIC,ZA5003,True,1,1,1983-1983,1,"[""Employment""]","[""Lagos""]","[""1983"", ""1983""]"
60,V2_TOPIC_COUNTRY_TIME_SINGLE_TOPIC,ZA5003,True,1,1,1983-1983,1,"[""Community, urban and rural life""]","[""Lagos""]","[""1983"", ""1983""]"
61,V2_TOPIC_COUNTRY_TIME_SINGLE_TOPIC,ZA5003,True,1,1,1983-1983,1,"[""TRADE, INDUSTRY AND MARKETS""]","[""Lagos""]","[""1983"", ""1983""]"
62,V2_TOPIC_COUNTRY_TIME_SINGLE_TOPIC,ZA5003,True,1,1,1983-1983,1,"[""Specific social services: use and availability""]","[""Lagos""]","[""1983"", ""1983""]"
63,V2_TOPIC_COUNTRY_TIME_SINGLE_TOPIC,ZA8286,True,1,1,1871-1914,1,"[""HISTORY""]","[""German Reich (1871-1945)""]","[""1871"", ""1914""]"
64,V2_TOPIC_COUNTRY_TIME_SINGLE_TOPIC,ZA0977,True,1,1,1978-1978,1,"[""Crime and law enforcement""]","[""Germany""]","[""1978"", ""1978""]"
65,V2_TOPIC_COUNTRY_TIME_SINGLE_TOPIC,ZA6350,True,1,1,1990-1990,1,"[""Community, urban and rural life""]","[""German Democratic Republic (1949-1990)""]","[""1990"", ""1990""]"
66,V2_TOPIC_COUNTRY_TIME_SINGLE_TOPIC,ZA6350,True,1,1,1990-1990,1,"[""Political behaviour and attitudes""]","[""German Democratic Republic (1949-1990)""]","[""1990"", ""1990""]"
67,V2_TOPIC_COUNTRY_TIME_SINGLE_TOPIC,ZA6350,True,1,1,1990-1990,1,"[""Government, political systems and organisations""]","[""German Democratic Republic (1949-1990)""]","[""1990"", ""1990""]"
68,V2_TOPIC_COUNTRY_TIME_SINGLE_TOPIC,ZA6350,True,1,1,1990-1990,1,"[""Elections""]","[""German Democratic Republic (1949-1990)""]","[""1990"", ""1990""]"
69,V2_TOPIC_COUNTRY_TIME_SINGLE_TOPIC,ZA0241,True,1,1,1945-1945,1,"[""MEDIA, COMMUNICATION AND LANGUAGE""]","[""Illinois""]","[""1945"", ""1945""]"
70,V2_TOPIC_COUNTRY_TIME_SINGLE_TOPIC,ZA0241,True,1,1,1945-1945,1,"[""SOCIAL STRATIFICATION AND GROUPINGS""]","[""Illinois""]","[""1945"", ""1945""]"
71,V2_TOPIC_COUNTRY_TIME_SINGLE_TOPIC,ZA1635,True,1,1,1986-1986,1,"[""Leisure, tourism and sport""]","[""North Rhine-Westphalia""]","[""1986"", ""1986""]"
72,V2_TOPIC_COUNTRY_TIME_SINGLE_TOPIC,ZA1635,True,1,1,1986-1986,1,"[""Community, urban and rural life""]","[""North Rhine-Westphalia""]","[""1986"", ""1986""]"
73,V2_TOPIC_COUNTRY_TIME_SINGLE_TOPIC,ZA1635,True,1,1,1986-1986,1,"[""TRANSPORT AND TRAVEL""]","[""North Rhine-Westphalia""]","[""1986"", ""1986""]"
74,V2_TOPIC_COUNTRY_TIME_SINGLE_TOPIC,ZA1635,True,1,1,1986-1986,1,"[""Consumption and consumer behaviour""]","[""North Rhine-Westphalia""]","[""1986"", ""1986""]"
75,V2_TOPIC_COUNTRY_TIME_SINGLE_TOPIC,ZA8874,True,1,1,2021-2023,1,"[""Compulsory and pre-school education""]","[""Schleswig-Holstein""]","[""2021"", ""2023""]"
76,V2_TOPIC_COUNTRY_TIME_SINGLE_TOPIC,ZA7652,True,1,1,2020-2020,1,"[""Specific diseases, disorders and medical conditions""]","[""Germany""]","[""2020"", ""2020""]"
77,V2_TOPIC_COUNTRY_TIME_SINGLE_TOPIC,ZA7652,True,1,1,2020-2020,1,"[""MEDIA, COMMUNICATION AND LANGUAGE""]","[""Germany""]","[""2020"", ""2020""]"
78,V2_TOPIC_COUNTRY_TIME_SINGLE_TOPIC,ZA7652,True,1,1,2020-2020,1,"[""Working conditions""]","[""Germany""]","[""2020"", ""2020""]"
79,V2_TOPIC_COUNTRY_TIME_SINGLE_TOPIC,ZA7652,True,1,1,2020-2020,1,"[""Health care services and policies""]","[""Germany""]","[""2020"", ""2020""]"
80,V2_TOPIC_COUNTRY_TIME_SINGLE_TOPIC,ZA1157,True,1,1,1968-1968,1,"[""Community, urban and rural life""]","[""Germany""]","[""1968"", ""1968""]"
81,V2_TOPIC_COUNTRY_TIME_SINGLE_TOPIC,ZA1157,True,1,1,1968-1968,1,"[""Land use and planning""]","[""Germany""]","[""1968"", ""1968""]"
82,V2_TOPIC_COUNTRY_TIME_SINGLE_TOPIC,ZA7759,True,1,1,2021-2021,1,"[""Migration""]","[""Germany""]","[""2021"", ""2021""]"
83,V2_TOPIC_COUNTRY_TIME_SINGLE_TOPIC,ZA7759,True,1,1,2021-2021,1,"[""Physical fitness and exercise""]","[""Germany""]","[""2021"", ""2021""]"
84,V2_TOPIC_COUNTRY_TIME_SINGLE_TOPIC,ZA7759,True,1,1,2021-2021,1,"[""Government, political systems and organisations""]","[""Germany""]","[""2021"", ""2021""]"
85,V2_TOPIC_COUNTRY_TIME_SINGLE_TOPIC,ZA7759,True,1,1,2021-2021,1,"[""Political behaviour and attitudes""]","[""Germany""]","[""2021"", ""2021""]"
86,V2_TOPIC_COUNTRY_TIME_SINGLE_TOPIC,ZA7759,True,1,1,2021-2021,1,"[""Social welfare policy""]","[""Germany""]","[""2021"", ""2021""]"
87,V2_TOPIC_COUNTRY_TIME_SINGLE_TOPIC,ZA7759,True,1,1,2021-2021,1,"[""Specific social services: use and availability""]","[""Germany""]","[""2021"", ""2021""]"
88,V2_TOPIC_COUNTRY_TIME_SINGLE_TOPIC,ZA7759,True,1,1,2021-2021,1,"[""Employment""]","[""Germany""]","[""2021"", ""2021""]"
89,V2_TOPIC_COUNTRY_TIME_SINGLE_TOPIC,ZA3300,True,1,1,1992-1992,1,"[""Economic systems and development""]","[""Germany""]","[""1992"", ""1992""]"
90,V2_TOPIC_COUNTRY_TIME_SINGLE_TOPIC,ZA8870,True,1,27,2024-2024,1,"[""International politics and organisations""]","[""Belgium"", ""Bulgaria"", ""Czech Republic"", ""Denmark"", ""Germany"", ""Estonia"", ""Ireland"", ""Greece"", ""Spain"", ""France"", ""Italy"", ""Cyprus"", ""Latvia"", ""Lithuania"", ""Luxembourg"", ""Hungary"", ""Malta"", ""Netherlands"", ""Austria"", ""Poland"", ""Portugal"", ""Romania"", ""Slovenia"", ""Slovakia"", ""Finland"", ""Sweden"", ""Croatia""]","[""2024"", ""2024""]"
91,V2_TOPIC_COUNTRY_TIME_SINGLE_TOPIC,ZA8870,True,1,27,2024-2024,1,"[""POLITICS""]","[""Belgium"", ""Bulgaria"", ""Czech Republic"", ""Denmark"", ""Germany"", ""Estonia"", ""Ireland"", ""Greece"", ""Spain"", ""France"", ""Italy"", ""Cyprus"", ""Latvia"", ""Lithuania"", ""Luxembourg"", ""Hungary"", ""Malta"", ""Netherlands"", ""Austria"", ""Poland"", ""Portugal"", ""Romania"", ""Slovenia"", ""Slovakia"", ""Finland"", ""Sweden"", ""Croatia""]","[""2024"", ""2024""]"
92,V2_TOPIC_COUNTRY_TIME_SINGLE_TOPIC,ZA8870,True,1,27,2024-2024,1,"[""Conflict, security and peace""]","[""Belgium"", ""Bulgaria"", ""Czech Republic"", ""Denmark"", ""Germany"", ""Estonia"", ""Ireland"", ""Greece"", ""Spain"", ""France"", ""Italy"", ""Cyprus"", ""Latvia"", ""Lithuania"", ""Luxembourg"", ""Hungary"", ""Malta"", ""Netherlands"", ""Austria"", ""Poland"", ""Portugal"", ""Romania"", ""Slovenia"", ""Slovakia"", ""Finland"", ""Sweden"", ""Croatia""]","[""2024"", ""2024""]"
93,V2_TOPIC_COUNTRY_TIME_SINGLE_TOPIC,ZA8870,True,1,27,2024-2024,1,"[""Political behaviour and attitudes""]","[""Belgium"", ""Bulgaria"", ""Czech Republic"", ""Denmark"", ""Germany"", ""Estonia"", ""Ireland"", ""Greece"", ""Spain"", ""France"", ""Italy"", ""Cyprus"", ""Latvia"", ""Lithuania"", ""Luxembourg"", ""Hungary"", ""Malta"", ""Netherlands"", ""Austria"", ""Poland"", ""Portugal"", ""Romania"", ""Slovenia"", ""Slovakia"", ""Finland"", ""Sweden"", ""Croatia""]","[""2024"", ""2024""]"
94,V2_TOPIC_COUNTRY_TIME_SINGLE_TOPIC,ZA8870,True,1,27,2024-2024,1,"[""Political ideology""]","[""Belgium"", ""Bulgaria"", ""Czech Republic"", ""Denmark"", ""Germany"", ""Estonia"", ""Ireland"", ""Greece"", ""Spain"", ""France"", ""Italy"", ""Cyprus"", ""Latvia"", ""Lithuania"", ""Luxembourg"", ""Hungary"", ""Malta"", ""Netherlands"", ""Austria"", ""Poland"", ""Portugal"", ""Romania"", ""Slovenia"", ""Slovakia"", ""Finland"", ""Sweden"", ""Croatia""]","[""2024"", ""2024""]"
95,V2_TOPIC_COUNTRY_TIME_SINGLE_TOPIC,ZA2326,True,1,2,1992-1992,1,"[""Business/industrial management and organisation""]","[""Rhineland-Palatinate"", ""North Rhine-Westphalia""]","[""1992"", ""1992""]"
96,V2_TOPIC_COUNTRY_TIME_SINGLE_TOPIC,ZA4914,True,1,1,1998-1998,1,"[""Social behaviour and attitudes""]","[""Germany""]","[""1998"", ""1998""]"
97,V2_TOPIC_COUNTRY_TIME_SINGLE_TOPIC,ZA8996,True,1,1,2024-2024,1,"[""Conflict, security and peace""]","[""Germany""]","[""2024"", ""2024""]"
98,V2_TOPIC_COUNTRY_TIME_SINGLE_TOPIC,ZA8996,True,1,1,2024-2024,1,"[""International politics and organisations""]","[""Germany""]","[""2024"", ""2024""]"
99,V2_TOPIC_COUNTRY_TIME_SINGLE_TOPIC,ZA1376,True,1,1,1983-1984,1,"[""Working conditions""]","[""Hesse""]","[""1983"", ""1984""]"
100,V2_TOPIC_COUNTRY_TIME_SINGLE_TOPIC,ZA1376,True,1,1,1983-1984,1,"[""Vocational education and training""]","[""Hesse""]","[""1983"", ""1984""]"
101,V2_TOPIC_COUNTRY_TIME_SINGLE_TOPIC,ZA1376,True,1,1,1983-1984,1,"[""Occupational health""]","[""Hesse""]","[""1983"", ""1984""]"
102,V2_TOPIC_COUNTRY_TIME_SINGLE_TOPIC,ZA7746,True,1,1,2020-2021,1,"[""Economic conditions and indicators""]","[""Germany""]","[""2020"", ""2021""]"
103,V2_TOPIC_COUNTRY_TIME_SINGLE_TOPIC,ZA7746,True,1,1,2020-2021,1,"[""Economic policy, public expenditure and revenue""]","[""Germany""]","[""2020"", ""2021""]"
104,V2_TOPIC_COUNTRY_TIME_SINGLE_TOPIC,ZA7746,True,1,1,2020-2021,1,"[""TRADE, INDUSTRY AND MARKETS""]","[""Germany""]","[""2020"", ""2021""]"
105,V2_TOPIC_COUNTRY_TIME_SINGLE_TOPIC,ZA7746,True,1,1,2020-2021,1,"[""Business/industrial management and organisation""]","[""Germany""]","[""2020"", ""2021""]"
106,V2_TOPIC_COUNTRY_TIME_SINGLE_TOPIC,ZA8614,True,1,1,1913-2006,1,"[""HISTORY""]","[""Germany""]","[""1913"", ""2006""]"
107,V2_TOPIC_COUNTRY_TIME_SINGLE_TOPIC,ZA8614,True,1,1,1913-2006,1,"[""Income, property and investment/saving""]","[""Germany""]","[""1913"", ""2006""]"
108,V2_TOPIC_COUNTRY_TIME_SINGLE_TOPIC,ZA4456,True,1,11,2006-2006,1,"[""International politics and organisations""]","[""Denmark"", ""Germany"", ""Spain"", ""France"", ""Ireland"", ""Italy"", ""Portugal"", ""United Kingdom"", ""Estonia"", ""Hungary"", ""Slovenia""]","[""2006"", ""2006""]"
109,V2_TOPIC_COUNTRY_TIME_SINGLE_TOPIC,ZA4456,True,1,11,2006-2006,1,"[""Political behaviour and attitudes""]","[""Denmark"", ""Germany"", ""Spain"", ""France"", ""Ireland"", ""Italy"", ""Portugal"", ""United Kingdom"", ""Estonia"", ""Hungary"", ""Slovenia""]","[""2006"", ""2006""]"
110,V2_TOPIC_COUNTRY_TIME_SINGLE_TOPIC,ZA5273,True,1,1,2018-2018,1,"[""Economic conditions and indicators""]","[""Germany""]","[""2018"", ""2018""]"
111,V2_TOPIC_COUNTRY_TIME_SINGLE_TOPIC,ZA5273,True,1,1,2018-2018,1,"[""Information society""]","[""Germany""]","[""2018"", ""2018""]"
112,V2_TOPIC_COUNTRY_TIME_SINGLE_TOPIC,ZA5273,True,1,1,2018-2018,1,"[""Equality, inequality and social exclusion""]","[""Germany""]","[""2018"", ""2018""]"
113,V2_TOPIC_COUNTRY_TIME_SINGLE_TOPIC,ZA5273,True,1,1,2018-2018,1,"[""Cultural and national identity""]","[""Germany""]","[""2018"", ""2018""]"
114,V2_TOPIC_COUNTRY_TIME_SINGLE_TOPIC,ZA5273,True,1,1,2018-2018,1,"[""Religion and values""]","[""Germany""]","[""2018"", ""2018""]"
115,V2_TOPIC_COUNTRY_TIME_SINGLE_TOPIC,ZA6342,True,1,1,1990-1990,1,"[""Employment""]","[""German Democratic Republic (1949-1990)""]","[""1990"", ""1990""]"
116,V2_TOPIC_COUNTRY_TIME_SINGLE_TOPIC,ZA6342,True,1,1,1990-1990,1,"[""Migration""]","[""German Democratic Republic (1949-1990)""]","[""1990"", ""1990""]"
117,V2_TOPIC_COUNTRY_TIME_SINGLE_TOPIC,ZA6342,True,1,1,1990-1990,1,"[""Cultural activities and participation""]","[""German Democratic Republic (1949-1990)""]","[""1990"", ""1990""]"
118,V2_TOPIC_COUNTRY_TIME_SINGLE_TOPIC,ZA6342,True,1,1,1990-1990,1,"[""Equality, inequality and social exclusion""]","[""German Democratic Republic (1949-1990)""]","[""1990"", ""1990""]"
119,V2_TOPIC_COUNTRY_TIME_SINGLE_TOPIC,ZA6342,True,1,1,1990-1990,1,"[""Economic conditions and indicators""]","[""German Democratic Republic (1949-1990)""]","[""1990"", ""1990""]"
120,V2_TOPIC_COUNTRY_TIME_SINGLE_TOPIC,SDN-10.7802-2822,True,1,1,2023-2024,1,"[""university""]","[""Germany""]","[""2023"", ""2024""]"
121,V2_TOPIC_COUNTRY_TIME_SINGLE_TOPIC,SDN-10.7802-2822,True,1,1,2023-2024,1,"[""university policy""]","[""Germany""]","[""2023"", ""2024""]"
122,V2_TOPIC_COUNTRY_TIME_SINGLE_TOPIC,SDN-10.7802-2822,True,1,1,2023-2024,4,"[""digitalization""]","[""Germany""]","[""2023"", ""2024""]"
123,V2_TOPIC_COUNTRY_TIME_SINGLE_TOPIC,SDN-10.7802-2822,True,1,1,2023-2024,3,"[""artificial intelligence""]","[""Germany""]","[""2023"", ""2024""]"
124,V2_TOPIC_COUNTRY_TIME_SINGLE_TOPIC,SDN-10.7802-2822,True,1,1,2023-2024,2,"[""university research""]","[""Germany""]","[""2023"", ""2024""]"
125,V2_TOPIC_COUNTRY_TIME_SINGLE_TOPIC,ZA0265,True,1,1,1967-1967,1,"[""Business/industrial management and organisation""]","[""Germany""]","[""1967"", ""1967""]"
126,V2_TOPIC_COUNTRY_TIME_SINGLE_TOPIC,ZA0265,True,1,1,1967-1967,1,"[""Media""]","[""Germany""]","[""1967"", ""1967""]"
127,V2_TOPIC_COUNTRY_TIME_SINGLE_TOPIC,ZA2546,True,1,11,1994-1994,1,"[""Social behaviour and attitudes""]","[""Berlin"", ""Baden-Württemberg"", ""Bavaria"", ""Bremen"", ""Hesse"", ""Hamburg"", ""Lower Saxony"", ""North Rhine-Westphalia"", ""Rhineland-Palatinate"", ""Saarland"", ""Schleswig-Holstein""]","[""1994"", ""1994""]"
128,V2_TOPIC_COUNTRY_TIME_SINGLE_TOPIC,ZA2546,True,1,11,1994-1994,1,"[""Crime and law enforcement""]","[""Berlin"", ""Baden-Württemberg"", ""Bavaria"", ""Bremen"", ""Hesse"", ""Hamburg"", ""Lower Saxony"", ""North Rhine-Westphalia"", ""Rhineland-Palatinate"", ""Saarland"", ""Schleswig-Holstein""]","[""1994"", ""1994""]"
129,V2_TOPIC_COUNTRY_TIME_SINGLE_TOPIC,ZA2546,True,1,11,1994-1994,1,"[""International politics and organisations""]","[""Berlin"", ""Baden-Württemberg"", ""Bavaria"", ""Bremen"", ""Hesse"", ""Hamburg"", ""Lower Saxony"", ""North Rhine-Westphalia"", ""Rhineland-Palatinate"", ""Saarland"", ""Schleswig-Holstein""]","[""1994"", ""1994""]"
130,V2_TOPIC_COUNTRY_TIME_SINGLE_TOPIC,ZA2546,True,1,11,1994-1994,1,"[""Conflict, security and peace""]","[""Berlin"", ""Baden-Württemberg"", ""Bavaria"", ""Bremen"", ""Hesse"", ""Hamburg"", ""Lower Saxony"", ""North Rhine-Westphalia"", ""Rhineland-Palatinate"", ""Saarland"", ""Schleswig-Holstein""]","[""1994"", ""1994""]"
131,V2_TOPIC_COUNTRY_TIME_SINGLE_TOPIC,ZA2546,True,1,11,1994-1994,1,"[""Political behaviour and attitudes""]","[""Berlin"", ""Baden-Württemberg"", ""Bavaria"", ""Bremen"", ""Hesse"", ""Hamburg"", ""Lower Saxony"", ""North Rhine-Westphalia"", ""Rhineland-Palatinate"", ""Saarland"", ""Schleswig-Holstein""]","[""1994"", ""1994""]"
132,V2_TOPIC_COUNTRY_TIME_SINGLE_TOPIC,ZA2546,True,1,11,1994-1994,1,"[""Government, political systems and organisations""]","[""Berlin"", ""Baden-Württemberg"", ""Bavaria"", ""Bremen"", ""Hesse"", ""Hamburg"", ""Lower Saxony"", ""North Rhine-Westphalia"", ""Rhineland-Palatinate"", ""Saarland"", ""Schleswig-Holstein""]","[""1994"", ""1994""]"
133,V2_TOPIC_COUNTRY_TIME_SINGLE_TOPIC,ZA2546,True,1,11,1994-1994,1,"[""Elections""]","[""Berlin"", ""Baden-Württemberg"", ""Bavaria"", ""Bremen"", ""Hesse"", ""Hamburg"", ""Lower Saxony"", ""North Rhine-Westphalia"", ""Rhineland-Palatinate"", ""Saarland"", ""Schleswig-Holstein""]","[""1994"", ""1994""]"
134,V2_TOPIC_COUNTRY_TIME_SINGLE_TOPIC,ZA2546,True,1,11,1994-1994,1,"[""Economic conditions and indicators""]","[""Berlin"", ""Baden-Württemberg"", ""Bavaria"", ""Bremen"", ""Hesse"", ""Hamburg"", ""Lower Saxony"", ""North Rhine-Westphalia"", ""Rhineland-Palatinate"", ""Saarland"", ""Schleswig-Holstein""]","[""1994"", ""1994""]"
135,V2_TOPIC_COUNTRY_TIME_SINGLE_TOPIC,ZA2546,True,1,11,1994-1994,1,"[""Economic policy, public expenditure and revenue""]","[""Berlin"", ""Baden-Württemberg"", ""Bavaria"", ""Bremen"", ""Hesse"", ""Hamburg"", ""Lower Saxony"", ""North Rhine-Westphalia"", ""Rhineland-Palatinate"", ""Saarland"", ""Schleswig-Holstein""]","[""1994"", ""1994""]"
136,V2_TOPIC_COUNTRY_TIME_SINGLE_TOPIC,ZA2546,True,1,11,1994-1994,1,"[""Economic systems and development""]","[""Berlin"", ""Baden-Württemberg"", ""Bavaria"", ""Bremen"", ""Hesse"", ""Hamburg"", ""Lower Saxony"", ""North Rhine-Westphalia"", ""Rhineland-Palatinate"", ""Saarland"", ""Schleswig-Holstein""]","[""1994"", ""1994""]"
137,V2_TOPIC_COUNTRY_TIME_SINGLE_TOPIC,ZA8202,True,1,1,1949-2001,1,"[""HISTORY""]","[""Germany""]","[""1949"", ""2001""]"
138,V2_TOPIC_COUNTRY_TIME_SINGLE_TOPIC,ZA8256,True,1,3,1850-1959,1,"[""HISTORY""]","[""Historical German lands (-1871)"", ""German Reich (1871-1945)"", ""Germany""]","[""1850"", ""1959""]"
139,V2_TOPIC_COUNTRY_TIME_SINGLE_TOPIC,ZA0167,True,1,1,1963-1963,1,"[""Community, urban and rural life""]","[""North Rhine-Westphalia""]","[""1963"", ""1963""]"
140,V2_TOPIC_COUNTRY_TIME_SINGLE_TOPIC,ZA1441,True,1,1,1984-1985,1,"[""Employment""]","[""North Rhine-Westphalia""]","[""1984"", ""1985""]"
141,V2_TOPIC_COUNTRY_TIME_SINGLE_TOPIC,ZA1441,True,1,1,1984-1985,1,"[""Vocational education and training""]","[""North Rhine-Westphalia""]","[""1984"", ""1985""]"
142,V2_TOPIC_COUNTRY_TIME_SINGLE_TOPIC,ZA1441,True,1,1,1984-1985,1,"[""Higher and further education""]","[""North Rhine-Westphalia""]","[""1984"", ""1985""]"
143,V2_TOPIC_COUNTRY_TIME_SINGLE_TOPIC,ZA1441,True,1,1,1984-1985,1,"[""Social conditions and indicators""]","[""North Rhine-Westphalia""]","[""1984"", ""1985""]"
144,V2_TOPIC_COUNTRY_TIME_SINGLE_TOPIC,ZA1441,True,1,1,1984-1985,1,"[""Family life and marriage""]","[""North Rhine-Westphalia""]","[""1984"", ""1985""]"
145,V2_TOPIC_COUNTRY_TIME_SINGLE_TOPIC,SDN-10.7802-2388,True,1,1,2003-2020,1,"[""parliamentary debate""]","[""Croatia""]","[""2003"", ""2020""]"
146,V2_TOPIC_COUNTRY_TIME_SINGLE_TOPIC,SDN-10.7802-2388,True,1,1,2003-2020,1,"[""Croatia""]","[""Croatia""]","[""2003"", ""2020""]"
147,V2_TOPIC_COUNTRY_TIME_SINGLE_TOPIC,ZA8738,True,1,1,2024-2024,1,"[""Political ideology""]","[""Germany""]","[""2024"", ""2024""]"
148,V2_TOPIC_COUNTRY_TIME_SINGLE_TOPIC,ZA0322,True,1,1,1968-1968,1,"[""Higher and further education""]","[""Germany""]","[""1968"", ""1968""]"
149,V2_TOPIC_COUNTRY_TIME_SINGLE_TOPIC,ZA0322,True,1,1,1968-1968,1,"[""Political behaviour and attitudes""]","[""Germany""]","[""1968"", ""1968""]"
150,V2_TOPIC_COUNTRY_TIME_SINGLE_TOPIC,ZA0322,True,1,1,1968-1968,1,"[""Government, political systems and organisations""]","[""Germany""]","[""1968"", ""1968""]"
151,V2_TOPIC_COUNTRY_TIME_SINGLE_TOPIC,ZA6146,True,1,1,1990-1990,1,"[""Reproductive health""]","[""German Democratic Republic (1949-1990)""]","[""1990"", ""1990""]"
152,V2_TOPIC_COUNTRY_TIME_SINGLE_TOPIC,ZA6146,True,1,1,1990-1990,1,"[""Specific diseases, disorders and medical conditions""]","[""German Democratic Republic (1949-1990)""]","[""1990"", ""1990""]"
153,V2_TOPIC_COUNTRY_TIME_SINGLE_TOPIC,ZA6146,True,1,1,1990-1990,1,"[""Family life and marriage""]","[""German Democratic Republic (1949-1990)""]","[""1990"", ""1990""]"
154,V2_TOPIC_COUNTRY_TIME_SINGLE_TOPIC,ZA5575,True,1,1,2010-2010,1,"[""SOCIAL STRATIFICATION AND GROUPINGS""]","[""Germany""]","[""2010"", ""2010""]"
155,V2_TOPIC_COUNTRY_TIME_SINGLE_TOPIC,ZA5575,True,1,1,2010-2010,1,"[""Minorities""]","[""Germany""]","[""2010"", ""2010""]"
156,V2_TOPIC_COUNTRY_TIME_SINGLE_TOPIC,ZA6563,True,1,1,1987-1991,1,"[""Diet and nutrition""]","[""German Democratic Republic (1949-1990)""]","[""1987"", ""1991""]"
157,V2_TOPIC_COUNTRY_TIME_SINGLE_TOPIC,ZA6563,True,1,1,1987-1991,1,"[""General health and well-being""]","[""German Democratic Republic (1949-1990)""]","[""1987"", ""1991""]"
158,V2_TOPIC_COUNTRY_TIME_SINGLE_TOPIC,ZA6563,True,1,1,1987-1991,1,"[""Medication and treatment""]","[""German Democratic Republic (1949-1990)""]","[""1987"", ""1991""]"
159,V2_TOPIC_COUNTRY_TIME_SINGLE_TOPIC,ZA6563,True,1,1,1987-1991,1,"[""Specific diseases, disorders and medical conditions""]","[""German Democratic Republic (1949-1990)""]","[""1987"", ""1991""]"
160,V2_TOPIC_COUNTRY_TIME_SINGLE_TOPIC,ZA4659,True,1,1,2002-2003,1,"[""Employment""]","[""Germany""]","[""2002"", ""2003""]"
161,V2_TOPIC_COUNTRY_TIME_SINGLE_TOPIC,ZA4659,True,1,1,2002-2003,1,"[""Business/industrial management and organisation""]","[""Germany""]","[""2002"", ""2003""]"
162,V2_TOPIC_COUNTRY_TIME_SINGLE_TOPIC,ZA4659,True,1,1,2002-2003,1,"[""PSYCHOLOGY""]","[""Germany""]","[""2002"", ""2003""]"
163,V2_TOPIC_COUNTRY_TIME_SINGLE_TOPIC,SDN-10.7802-2567,True,1,1,2017-2018,4,"[""digitalization""]","[""Germany""]","[""2017"", ""2018""]"
164,V2_TOPIC_COUNTRY_TIME_SINGLE_TOPIC,SDN-10.7802-2567,True,1,1,2017-2018,1,"[""telecommuting""]","[""Germany""]","[""2017"", ""2018""]"
165,V2_TOPIC_COUNTRY_TIME_SINGLE_TOPIC,SDN-10.7802-2567,True,1,1,2017-2018,1,"[""workaholism""]","[""Germany""]","[""2017"", ""2018""]"
166,V2_TOPIC_COUNTRY_TIME_SINGLE_TOPIC,SDN-10.7802-2567,True,1,1,2017-2018,1,"[""job performance""]","[""Germany""]","[""2017"", ""2018""]"
167,V2_TOPIC_COUNTRY_TIME_SINGLE_TOPIC,ZA0527,True,1,1,1966-1966,1,"[""Leisure, tourism and sport""]","[""Germany""]","[""1966"", ""1966""]"
168,V2_TOPIC_COUNTRY_TIME_SINGLE_TOPIC,ZA0527,True,1,1,1966-1966,1,"[""Youth""]","[""Germany""]","[""1966"", ""1966""]"
169,V2_TOPIC_COUNTRY_TIME_SINGLE_TOPIC,ZA5642,True,1,1,2012-2012,1,"[""Political behaviour and attitudes""]","[""Saarland""]","[""2012"", ""2012""]"
170,V2_TOPIC_COUNTRY_TIME_SINGLE_TOPIC,ZA5642,True,1,1,2012-2012,1,"[""Elections""]","[""Saarland""]","[""2012"", ""2012""]"
171,V2_TOPIC_COUNTRY_TIME_SINGLE_TOPIC,ZA3331,True,1,1,1964-1965,1,"[""International politics and organisations""]","[""Germany""]","[""1964"", ""1965""]"
172,V2_TOPIC_COUNTRY_TIME_SINGLE_TOPIC,ZA3331,True,1,1,1964-1965,1,"[""SOCIAL STRATIFICATION AND GROUPINGS""]","[""Germany""]","[""1964"", ""1965""]"
173,V2_TOPIC_COUNTRY_TIME_SINGLE_TOPIC,SDN-10.7802-2783,True,1,2,2024-2024,1,"[""protest movement""]","[""Germany"", ""Berlin""]","[""2024"", ""2024""]"
174,V2_TOPIC_COUNTRY_TIME_SINGLE_TOPIC,SDN-10.7802-2783,True,1,2,2024-2024,1,"[""agricultural policy""]","[""Germany"", ""Berlin""]","[""2024"", ""2024""]"
175,V2_TOPIC_COUNTRY_TIME_SINGLE_TOPIC,SDN-10.7802-2783,True,1,2,2024-2024,1,"[""nutrition policy""]","[""Germany"", ""Berlin""]","[""2024"", ""2024""]"
176,V2_TOPIC_COUNTRY_TIME_SINGLE_TOPIC,ZA1639,True,1,1,1984-1987,1,"[""Consumption and consumer behaviour""]","[""Germany""]","[""1984"", ""1987""]"
177,V2_TOPIC_COUNTRY_TIME_SINGLE_TOPIC,ZA6363,True,1,1,1988-1988,1,"[""Community, urban and rural life""]","[""German Democratic Republic (1949-1990)""]","[""1988"", ""1988""]"
178,V2_TOPIC_COUNTRY_TIME_SINGLE_TOPIC,ZA6363,True,1,1,1988-1988,1,"[""Housing""]","[""German Democratic Republic (1949-1990)""]","[""1988"", ""1988""]"
179,V2_TOPIC_COUNTRY_TIME_SINGLE_TOPIC,ZA3680,True,1,28,2000-2002,1,"[""Social behaviour and attitudes""]","[""Australia"", ""Austria"", ""Brazil"", ""Canada"", ""Chile"", ""Cyprus"", ""Czech Republic"", ""Denmark"", ""Finland"", ""France"", ""Germany"", ""Great Britain"", ""Hungary"", ""Israel"", ""Italy"", ""Japan"", ""Latvia"", ""New Zealand"", ""Northern Ireland"", ""Norway"", ""Philippines"", ""Poland"", ""Russian Federation"", ""Slovenia"", ""Spain"", ""South Africa"", ""Switzerland"", ""United States of America""]","[""2000"", ""2002""]"
180,V2_TOPIC_COUNTRY_TIME_SINGLE_TOPIC,ZA3680,True,1,28,2000-2002,1,"[""SOCIAL STRATIFICATION AND GROUPINGS""]","[""Australia"", ""Austria"", ""Brazil"", ""Canada"", ""Chile"", ""Cyprus"", ""Czech Republic"", ""Denmark"", ""Finland"", ""France"", ""Germany"", ""Great Britain"", ""Hungary"", ""Israel"", ""Italy"", ""Japan"", ""Latvia"", ""New Zealand"", ""Northern Ireland"", ""Norway"", ""Philippines"", ""Poland"", ""Russian Federation"", ""Slovenia"", ""Spain"", ""South Africa"", ""Switzerland"", ""United States of America""]","[""2000"", ""2002""]"
181,V2_TOPIC_COUNTRY_TIME_SINGLE_TOPIC,ZA3680,True,1,28,2000-2002,1,"[""Family life and marriage""]","[""Australia"", ""Austria"", ""Brazil"", ""Canada"", ""Chile"", ""Cyprus"", ""Czech Republic"", ""Denmark"", ""Finland"", ""France"", ""Germany"", ""Great Britain"", ""Hungary"", ""Israel"", ""Italy"", ""Japan"", ""Latvia"", ""New Zealand"", ""Northern Ireland"", ""Norway"", ""Philippines"", ""Poland"", ""Russian Federation"", ""Slovenia"", ""Spain"", ""South Africa"", ""Switzerland"", ""United States of America""]","[""2000"", ""2002""]"
182,V2_TOPIC_COUNTRY_TIME_SINGLE_TOPIC,ZA5473,True,1,27,2011-2011,1,"[""Media""]","[""Belgium"", ""Germany"", ""Spain"", ""Greece"", ""France"", ""Ireland"", ""Italy"", ""Luxembourg"", ""Netherlands"", ""Austria"", ""Portugal"", ""Finland"", ""Slovenia"", ""Cyprus"", ""Malta"", ""Slovakia"", ""Bulgaria"", ""Czech Republic"", ""Denmark"", ""Estonia"", ""Latvia"", ""Hungary"", ""Poland"", ""Romania"", ""Sweden"", ""United Kingdom"", ""Lithuania""]","[""2011"", ""2011""]"
183,V2_TOPIC_COUNTRY_TIME_SINGLE_TOPIC,ZA5473,True,1,27,2011-2011,1,"[""Language and linguistics""]","[""Belgium"", ""Germany"", ""Spain"", ""Greece"", ""France"", ""Ireland"", ""Italy"", ""Luxembourg"", ""Netherlands"", ""Austria"", ""Portugal"", ""Finland"", ""Slovenia"", ""Cyprus"", ""Malta"", ""Slovakia"", ""Bulgaria"", ""Czech Republic"", ""Denmark"", ""Estonia"", ""Latvia"", ""Hungary"", ""Poland"", ""Romania"", ""Sweden"", ""United Kingdom"", ""Lithuania""]","[""2011"", ""2011""]"
184,V2_TOPIC_COUNTRY_TIME_SINGLE_TOPIC,ZA2820,True,1,1,1995-1995,1,"[""Equality, inequality and social exclusion""]","[""Germany""]","[""1995"", ""1995""]"
185,V2_TOPIC_COUNTRY_TIME_SINGLE_TOPIC,ZA7630,True,1,14,2018-2019,1,"[""Religion and values""]","[""Algeria"", ""Ghana"", ""Indonesia"", ""Jordan"", ""Kenya"", ""Cambodia"", ""Sri Lanka"", ""Mongolia"", ""Malawi"", ""Malaysia"", ""Nigeria"", ""Nepal"", ""Singapore"", ""Viet Nam""]","[""2018"", ""2019""]"
186,V2_TOPIC_COUNTRY_TIME_SINGLE_TOPIC,ZA1976,True,1,4,1963-1963,1,"[""International politics and organisations""]","[""France"", ""Great Britain"", ""Germany"", ""Italy""]","[""1963"", ""1963""]"
187,V2_TOPIC_COUNTRY_TIME_SINGLE_TOPIC,ZA1976,True,1,4,1963-1963,1,"[""Conflict, security and peace""]","[""France"", ""Great Britain"", ""Germany"", ""Italy""]","[""1963"", ""1963""]"
188,V2_TOPIC_COUNTRY_TIME_SINGLE_TOPIC,ZA5897,True,1,28,2013-2013,1,"[""LAW, CRIME AND LEGAL SYSTEMS""]","[""Belgium"", ""Denmark"", ""Germany"", ""Greece"", ""Spain"", ""Finland"", ""France"", ""Ireland"", ""Italy"", ""Luxembourg"", ""Netherlands"", ""Austria"", ""Portugal"", ""Sweden"", ""United Kingdom"", ""Bulgaria"", ""Cyprus"", ""Czech Republic"", ""Estonia"", ""Hungary"", ""Latvia"", ""Lithuania"", ""Malta"", ""Poland"", ""Romania"", ""Slovakia"", ""Slovenia"", ""Croatia""]","[""2013"", ""2013""]"
189,V2_TOPIC_COUNTRY_TIME_SINGLE_TOPIC,ZA5897,True,1,28,2013-2013,1,"[""Crime and law enforcement""]","[""Belgium"", ""Denmark"", ""Germany"", ""Greece"", ""Spain"", ""Finland"", ""France"", ""Ireland"", ""Italy"", ""Luxembourg"", ""Netherlands"", ""Austria"", ""Portugal"", ""Sweden"", ""United Kingdom"", ""Bulgaria"", ""Cyprus"", ""Czech Republic"", ""Estonia"", ""Hungary"", ""Latvia"", ""Lithuania"", ""Malta"", ""Poland"", ""Romania"", ""Slovakia"", ""Slovenia"", ""Croatia""]","[""2013"", ""2013""]"
190,V2_TOPIC_COUNTRY_TIME_SINGLE_TOPIC,ZA5897,True,1,28,2013-2013,1,"[""International politics and organisations""]","[""Belgium"", ""Denmark"", ""Germany"", ""Greece"", ""Spain"", ""Finland"", ""France"", ""Ireland"", ""Italy"", ""Luxembourg"", ""Netherlands"", ""Austria"", ""Portugal"", ""Sweden"", ""United Kingdom"", ""Bulgaria"", ""Cyprus"", ""Czech Republic"", ""Estonia"", ""Hungary"", ""Latvia"", ""Lithuania"", ""Malta"", ""Poland"", ""Romania"", ""Slovakia"", ""Slovenia"", ""Croatia""]","[""2013"", ""2013""]"
191,V2_TOPIC_COUNTRY_TIME_SINGLE_TOPIC,ZA3891,True,1,1,2000-2000,1,"[""Political behaviour and attitudes""]","[""Czech Republic""]","[""2000"", ""2000""]"
192,V2_TOPIC_COUNTRY_TIME_SINGLE_TOPIC,ZA3891,True,1,1,2000-2000,1,"[""Government, political systems and organisations""]","[""Czech Republic""]","[""2000"", ""2000""]"
193,V2_TOPIC_COUNTRY_TIME_SINGLE_TOPIC,ZA3891,True,1,1,2000-2000,1,"[""Elections""]","[""Czech Republic""]","[""2000"", ""2000""]"
194,V2_TOPIC_COUNTRY_TIME_SINGLE_TOPIC,ZA5517,True,1,1,2014-2014,1,"[""Cultural and national identity""]","[""Netherlands""]","[""2014"", ""2014""]"
195,V2_TOPIC_COUNTRY_TIME_SINGLE_TOPIC,ZA5517,True,1,1,2014-2014,1,"[""Minorities""]","[""Netherlands""]","[""2014"", ""2014""]"
196,V2_TOPIC_COUNTRY_TIME_SINGLE_TOPIC,ZA5517,True,1,1,2014-2014,1,"[""International politics and organisations""]","[""Netherlands""]","[""2014"", ""2014""]"
197,V2_TOPIC_COUNTRY_TIME_SINGLE_TOPIC,ZA5517,True,1,1,2014-2014,1,"[""Migration""]","[""Netherlands""]","[""2014"", ""2014""]"
198,V2_TOPIC_COUNTRY_TIME_SINGLE_TOPIC,ZA8080,True,1,1,1925-1932,1,"[""HISTORY""]","[""German Reich (1871-1945)""]","[""1925"", ""1932""]"
199,V2_TOPIC_COUNTRY_TIME_SINGLE_TOPIC,ZA1853,True,1,1,1982-1982,1,"[""International politics and organisations""]","[""Germany""]","[""1982"", ""1982""]"
200,V2_TOPIC_COUNTRY_TIME_SINGLE_TOPIC,ZA1853,True,1,1,1982-1982,1,"[""Conflict, security and peace""]","[""Germany""]","[""1982"", ""1982""]"
201,V2_TOPIC_COUNTRY_TIME_SINGLE_TOPIC,ZA1853,True,1,1,1982-1982,1,"[""Government, political systems and organisations""]","[""Germany""]","[""1982"", ""1982""]"
202,V2_TOPIC_COUNTRY_TIME_SINGLE_TOPIC,ZA1853,True,1,1,1982-1982,1,"[""Economic systems and development""]","[""Germany""]","[""1982"", ""1982""]"
203,V2_TOPIC_COUNTRY_TIME_SINGLE_TOPIC,ZA8859,True,1,1,2007-2007,1,"[""Crime and law enforcement""]","[""Duisburg""]","[""2007"", ""2007""]"
204,V2_TOPIC_COUNTRY_TIME_SINGLE_TOPIC,ZA8859,True,1,1,2007-2007,1,"[""Legislation and legal systems""]","[""Duisburg""]","[""2007"", ""2007""]"
205,V2_TOPIC_COUNTRY_TIME_SINGLE_TOPIC,ZA8859,True,1,1,2007-2007,1,"[""PSYCHOLOGY""]","[""Duisburg""]","[""2007"", ""2007""]"
206,V2_TOPIC_COUNTRY_TIME_SINGLE_TOPIC,ZA8859,True,1,1,2007-2007,1,"[""Family life and marriage""]","[""Duisburg""]","[""2007"", ""2007""]"
207,V2_TOPIC_COUNTRY_TIME_SINGLE_TOPIC,ZA8859,True,1,1,2007-2007,1,"[""Community, urban and rural life""]","[""Duisburg""]","[""2007"", ""2007""]"
208,V2_TOPIC_COUNTRY_TIME_SINGLE_TOPIC,ZA8859,True,1,1,2007-2007,1,"[""Leisure, tourism and sport""]","[""Duisburg""]","[""2007"", ""2007""]"
209,V2_TOPIC_COUNTRY_TIME_SINGLE_TOPIC,ZA8859,True,1,1,2007-2007,1,"[""Social behaviour and attitudes""]","[""Duisburg""]","[""2007"", ""2007""]"
210,V2_TOPIC_COUNTRY_TIME_SINGLE_TOPIC,ZA8859,True,1,1,2007-2007,1,"[""Time use""]","[""Duisburg""]","[""2007"", ""2007""]"
211,V2_TOPIC_COUNTRY_TIME_SINGLE_TOPIC,ZA8859,True,1,1,2007-2007,1,"[""Vocational education and training""]","[""Duisburg""]","[""2007"", ""2007""]"
212,V2_TOPIC_COUNTRY_TIME_SINGLE_TOPIC,ZA8859,True,1,1,2007-2007,1,"[""Employment""]","[""Duisburg""]","[""2007"", ""2007""]"
213,V2_TOPIC_COUNTRY_TIME_SINGLE_TOPIC,ZA5727,True,1,1,2015-2015,1,"[""Elections""]","[""Germany""]","[""2015"", ""2015""]"
214,V2_TOPIC_COUNTRY_TIME_SINGLE_TOPIC,ZA5727,True,1,1,2015-2015,1,"[""Economic policy, public expenditure and revenue""]","[""Germany""]","[""2015"", ""2015""]"
215,V2_TOPIC_COUNTRY_TIME_SINGLE_TOPIC,ZA5727,True,1,1,2015-2015,1,"[""Economic systems and development""]","[""Germany""]","[""2015"", ""2015""]"
216,V2_TOPIC_COUNTRY_TIME_SINGLE_TOPIC,ZA0401,True,1,1,1966-1966,1,"[""Higher and further education""]","[""Uruguay""]","[""1966"", ""1966""]"
217,V2_TOPIC_COUNTRY_TIME_SINGLE_TOPIC,ZA0401,True,1,1,1966-1966,1,"[""Social behaviour and attitudes""]","[""Uruguay""]","[""1966"", ""1966""]"
218,V2_TOPIC_COUNTRY_TIME_SINGLE_TOPIC,ZA0401,True,1,1,1966-1966,1,"[""Political behaviour and attitudes""]","[""Uruguay""]","[""1966"", ""1966""]"
219,V2_TOPIC_COUNTRY_TIME_SINGLE_TOPIC,ZA5520,True,1,1,2017-2017,1,"[""Political behaviour and attitudes""]","[""Turkey""]","[""2017"", ""2017""]"
220,V2_TOPIC_COUNTRY_TIME_SINGLE_TOPIC,ZA5520,True,1,1,2017-2017,1,"[""Government, political systems and organisations""]","[""Turkey""]","[""2017"", ""2017""]"
221,V2_TOPIC_COUNTRY_TIME_SINGLE_TOPIC,ZA3777,True,1,1,1999-1999,1,"[""Religion and values""]","[""United Kingdom""]","[""1999"", ""1999""]"
222,V2_TOPIC_COUNTRY_TIME_SINGLE_TOPIC,ZA3777,True,1,1,1999-1999,1,"[""Social behaviour and attitudes""]","[""United Kingdom""]","[""1999"", ""1999""]"
223,V2_TOPIC_COUNTRY_TIME_SINGLE_TOPIC,ZA3777,True,1,1,1999-1999,1,"[""Political behaviour and attitudes""]","[""United Kingdom""]","[""1999"", ""1999""]"
224,V2_TOPIC_COUNTRY_TIME_SINGLE_TOPIC,ZA3777,True,1,1,1999-1999,1,"[""Government, political systems and organisations""]","[""United Kingdom""]","[""1999"", ""1999""]"
225,V2_TOPIC_COUNTRY_TIME_SINGLE_TOPIC,ZA3777,True,1,1,1999-1999,1,"[""SOCIAL STRATIFICATION AND GROUPINGS""]","[""United Kingdom""]","[""1999"", ""1999""]"
226,V2_TOPIC_COUNTRY_TIME_SINGLE_TOPIC,ZA3777,True,1,1,1999-1999,1,"[""Family life and marriage""]","[""United Kingdom""]","[""1999"", ""1999""]"
227,V2_TOPIC_COUNTRY_TIME_SINGLE_TOPIC,ZA3777,True,1,1,1999-1999,1,"[""Economic systems and development""]","[""United Kingdom""]","[""1999"", ""1999""]"
228,V2_TOPIC_COUNTRY_TIME_SINGLE_TOPIC,ZA1439,True,1,1,1984-1984,1,"[""Social conditions and indicators""]","[""Germany""]","[""1984"", ""1984""]"
229,V2_TOPIC_COUNTRY_TIME_SINGLE_TOPIC,ZA1439,True,1,1,1984-1984,1,"[""Youth""]","[""Germany""]","[""1984"", ""1984""]"
230,V2_TOPIC_COUNTRY_TIME_SINGLE_TOPIC,ZA4809,True,1,1,2008-2008,1,"[""Economic systems and development""]","[""Malta""]","[""2008"", ""2008""]"
231,V2_TOPIC_COUNTRY_TIME_SINGLE_TOPIC,ZA8007,True,1,1,1919-1933,1,"[""HISTORY""]","[""German Reich (1871-1945)""]","[""1919"", ""1933""]"
232,V2_TOPIC_COUNTRY_TIME_SINGLE_TOPIC,ZA2937,True,1,16,1997-1997,1,"[""Social behaviour and attitudes""]","[""Belgium"", ""Denmark"", ""Germany"", ""Greece"", ""Spain"", ""France"", ""Ireland"", ""Italy"", ""Luxembourg"", ""Netherlands"", ""Portugal"", ""Great Britain"", ""Northern Ireland"", ""Austria"", ""Sweden"", ""Finland""]","[""1997"", ""1997""]"
233,V2_TOPIC_COUNTRY_TIME_SINGLE_TOPIC,ZA2937,True,1,16,1997-1997,1,"[""Medication and treatment""]","[""Belgium"", ""Denmark"", ""Germany"", ""Greece"", ""Spain"", ""France"", ""Ireland"", ""Italy"", ""Luxembourg"", ""Netherlands"", ""Portugal"", ""Great Britain"", ""Northern Ireland"", ""Austria"", ""Sweden"", ""Finland""]","[""1997"", ""1997""]"
234,V2_TOPIC_COUNTRY_TIME_SINGLE_TOPIC,ZA2937,True,1,16,1997-1997,1,"[""Specific diseases, disorders and medical conditions""]","[""Belgium"", ""Denmark"", ""Germany"", ""Greece"", ""Spain"", ""France"", ""Ireland"", ""Italy"", ""Luxembourg"", ""Netherlands"", ""Portugal"", ""Great Britain"", ""Northern Ireland"", ""Austria"", ""Sweden"", ""Finland""]","[""1997"", ""1997""]"
235,V2_TOPIC_COUNTRY_TIME_SINGLE_TOPIC,ZA2937,True,1,16,1997-1997,1,"[""Language and linguistics""]","[""Belgium"", ""Denmark"", ""Germany"", ""Greece"", ""Spain"", ""France"", ""Ireland"", ""Italy"", ""Luxembourg"", ""Netherlands"", ""Portugal"", ""Great Britain"", ""Northern Ireland"", ""Austria"", ""Sweden"", ""Finland""]","[""1997"", ""1997""]"
236,V2_TOPIC_COUNTRY_TIME_SINGLE_TOPIC,ZA2937,True,1,16,1997-1997,1,"[""International politics and organisations""]","[""Belgium"", ""Denmark"", ""Germany"", ""Greece"", ""Spain"", ""France"", ""Ireland"", ""Italy"", ""Luxembourg"", ""Netherlands"", ""Portugal"", ""Great Britain"", ""Northern Ireland"", ""Austria"", ""Sweden"", ""Finland""]","[""1997"", ""1997""]"
237,V2_TOPIC_COUNTRY_TIME_SINGLE_TOPIC,ZA2937,True,1,16,1997-1997,1,"[""Political behaviour and attitudes""]","[""Belgium"", ""Denmark"", ""Germany"", ""Greece"", ""Spain"", ""France"", ""Ireland"", ""Italy"", ""Luxembourg"", ""Netherlands"", ""Portugal"", ""Great Britain"", ""Northern Ireland"", ""Austria"", ""Sweden"", ""Finland""]","[""1997"", ""1997""]"
238,V2_TOPIC_COUNTRY_TIME_SINGLE_TOPIC,ZA0418,True,1,1,1962-1962,1,"[""Employment""]","[""North Rhine-Westphalia""]","[""1962"", ""1962""]"
239,V2_TOPIC_COUNTRY_TIME_SINGLE_TOPIC,ZA0418,True,1,1,1962-1962,1,"[""TRADE, INDUSTRY AND MARKETS""]","[""North Rhine-Westphalia""]","[""1962"", ""1962""]"
240,V2_TOPIC_COUNTRY_TIME_SINGLE_TOPIC,ZA7711,True,1,1,2022-2022,1,"[""Elections""]","[""Germany""]","[""2022"", ""2022""]"
241,V2_TOPIC_COUNTRY_TIME_SINGLE_TOPIC,ZA5533,True,1,1,2006-2010,1,"[""Medication and treatment""]","[""Rhineland-Palatinate""]","[""2006"", ""2010""]"
242,V2_TOPIC_COUNTRY_TIME_SINGLE_TOPIC,ZA5533,True,1,1,2006-2010,1,"[""Specific diseases, disorders and medical conditions""]","[""Rhineland-Palatinate""]","[""2006"", ""2010""]"
243,V2_TOPIC_COUNTRY_TIME_SINGLE_TOPIC,ZA6151,True,1,1,1970-1970,1,"[""Employment""]","[""German Democratic Republic (1949-1990)""]","[""1970"", ""1970""]"
244,V2_TOPIC_COUNTRY_TIME_SINGLE_TOPIC,ZA6151,True,1,1,1970-1970,1,"[""Cultural activities and participation""]","[""German Democratic Republic (1949-1990)""]","[""1970"", ""1970""]"
245,V2_TOPIC_COUNTRY_TIME_SINGLE_TOPIC,ZA6151,True,1,1,1970-1970,1,"[""Specific diseases, disorders and medical conditions""]","[""German Democratic Republic (1949-1990)""]","[""1970"", ""1970""]"
246,V2_TOPIC_COUNTRY_TIME_SINGLE_TOPIC,ZA6151,True,1,1,1970-1970,1,"[""Media""]","[""German Democratic Republic (1949-1990)""]","[""1970"", ""1970""]"
247,V2_TOPIC_COUNTRY_TIME_SINGLE_TOPIC,ZA6151,True,1,1,1970-1970,1,"[""Political behaviour and attitudes""]","[""German Democratic Republic (1949-1990)""]","[""1970"", ""1970""]"
248,V2_TOPIC_COUNTRY_TIME_SINGLE_TOPIC,ZA6151,True,1,1,1970-1970,1,"[""Government, political systems and organisations""]","[""German Democratic Republic (1949-1990)""]","[""1970"", ""1970""]"
249,V2_TOPIC_COUNTRY_TIME_SINGLE_TOPIC,ZA6151,True,1,1,1970-1970,1,"[""Family life and marriage""]","[""German Democratic Republic (1949-1990)""]","[""1970"", ""1970""]"
250,V2_TOPIC_COUNTRY_TIME_SINGLE_TOPIC,ZA6151,True,1,1,1970-1970,1,"[""Youth""]","[""German Democratic Republic (1949-1990)""]","[""1970"", ""1970""]"
